{
  "f0_start": 80.0,
  "f0_end": 200.0,
  "duration": 1.0,
  "times": [
    0.05,
    0.060000000000000005,
    0.07,
    0.08000000000000002,
    0.09000000000000001,
    0.1,
    0.11000000000000001,
    0.12000000000000001,
    0.13,
    0.14,
    0.15000000000000002,
    0.16000000000000003,
    0.17000000000000004,
    0.18000000000000005,
    0.19,
    0.2,
    0.21000000000000002,
    0.22000000000000003,
    0.23000000000000004,
    0.24000000000000005,
    0.25000000000000006,
    0.26000000000000006,
    0.27,
    0.28,
    0.29000000000000004,
    0.30000000000000004,
    0.31000000000000005,
    0.32000000000000006,
    0.33,
    0.34,
    0.35000000000000003,
    0.36000000000000004,
    0.37000000000000005,
    0.38000000000000006,
    0.39000000000000007,
    0.4000000000000001,
    0.4100000000000001,
    0.42000000000000004,
    0.43000000000000005,
    0.44000000000000006,
    0.45000000000000007,
    0.4600000000000001,
    0.4700000000000001,
    0.4800000000000001,
    0.49000000000000005,
    0.5000000000000001,
    0.5100000000000001,
    0.5200000000000001,
    0.5300000000000001,
    0.5400000000000001,
    0.5500000000000002,
    0.5600000000000002,
    0.5700000000000002,
    0.5800000000000002,
    0.5900000000000002,
    0.6000000000000002,
    0.6100000000000001,
    0.6200000000000001,
    0.6300000000000001,
    0.6400000000000001,
    0.6500000000000001,
    0.6600000000000001,
    0.6700000000000002,
    0.6800000000000002,
    0.6900000000000002,
    0.7000000000000002,
    0.7100000000000002,
    0.7200000000000002,
    0.7300000000000002,
    0.7400000000000002,
    0.7500000000000002,
    0.7600000000000002,
    0.7700000000000002,
    0.7800000000000001,
    0.7900000000000001,
    0.8000000000000002,
    0.8100000000000002,
    0.8200000000000002,
    0.8300000000000002,
    0.8400000000000002,
    0.8500000000000002,
    0.8600000000000002,
    0.8700000000000002,
    0.8800000000000002,
    0.8900000000000002,
    0.9000000000000002,
    0.9100000000000003,
    0.9200000000000003,
    0.9300000000000002,
    0.9400000000000002
  ],
  "expected_frequencies": [
    86.0,
    87.2,
    88.4,
    89.6,
    90.8,
    92.0,
    93.2,
    94.4,
    95.6,
    96.8,
    98.0,
    99.2,
    100.4,
    101.60000000000001,
    102.8,
    104.0,
    105.2,
    106.4,
    107.60000000000001,
    108.80000000000001,
    110.0,
    111.2,
    112.4,
    113.6,
    114.80000000000001,
    116.0,
    117.2,
    118.4,
    119.6,
    120.80000000000001,
    122.0,
    123.2,
    124.4,
    125.60000000000001,
    126.80000000000001,
    128.0,
    129.20000000000002,
    130.4,
    131.60000000000002,
    132.8,
    134.0,
    135.20000000000002,
    136.4,
    137.60000000000002,
    138.8,
    140.0,
    141.20000000000002,
    142.4,
    143.60000000000002,
    144.8,
    146.0,
    147.20000000000002,
    148.40000000000003,
    149.60000000000002,
    150.8,
    152.00000000000003,
    153.20000000000002,
    154.4,
    155.60000000000002,
    156.8,
    158.0,
    159.20000000000002,
    160.40000000000003,
    161.60000000000002,
    162.8,
    164.00000000000003,
    165.20000000000002,
    166.40000000000003,
    167.60000000000002,
    168.8,
    170.00000000000003,
    171.20000000000005,
    172.40000000000003,
    173.60000000000002,
    174.8,
    176.0,
    177.20000000000002,
    178.40000000000003,
    179.60000000000002,
    180.8,
    182.00000000000003,
    183.20000000000005,
    184.40000000000003,
    185.60000000000002,
    186.8,
    188.00000000000003,
    189.20000000000005,
    190.40000000000003,
    191.60000000000002,
    192.8
  ]
}