{"times": [0.029999999999999916, 0.03999999999999992, 0.04999999999999992, 0.059999999999999915, 0.06999999999999992, 0.07999999999999992, 0.08999999999999991, 0.09999999999999992, 0.10999999999999992, 0.11999999999999991, 0.12999999999999992, 0.1399999999999999, 0.1499999999999999, 0.15999999999999992, 0.16999999999999993, 0.1799999999999999, 0.18999999999999992, 0.19999999999999993, 0.2099999999999999, 0.21999999999999992, 0.22999999999999993, 0.2399999999999999, 0.24999999999999992, 0.2599999999999999, 0.2699999999999999, 0.2799999999999999, 0.2899999999999999, 0.29999999999999993, 0.30999999999999994, 0.3199999999999999, 0.3299999999999999, 0.3399999999999999, 0.3499999999999999, 0.35999999999999993, 0.36999999999999994, 0.37999999999999995, 0.3899999999999999, 0.3999999999999999, 0.4099999999999999, 0.41999999999999993, 0.42999999999999994, 0.43999999999999995, 0.4499999999999999, 0.4599999999999999, 0.4699999999999999, 0.4799999999999999, 0.48999999999999994, 0.49999999999999994, 0.5099999999999999, 0.5199999999999999, 0.5299999999999999, 0.5399999999999999, 0.5499999999999999, 0.5599999999999999, 0.57, 0.58, 0.59, 0.6, 0.6099999999999999, 0.6199999999999999, 0.6299999999999999, 0.6399999999999999, 0.6499999999999999, 0.6599999999999999, 0.6699999999999999, 0.6799999999999999, 0.69, 0.7, 0.71, 0.72, 0.73, 0.7399999999999999, 0.7499999999999999, 0.7599999999999999, 0.7699999999999999, 0.7799999999999999, 0.7899999999999999, 0.7999999999999999, 0.8099999999999999, 0.82, 0.83, 0.84, 0.85, 0.86, 0.8699999999999999, 0.8799999999999999, 0.8899999999999999, 0.8999999999999999, 0.9099999999999999, 0.9199999999999999, 0.9299999999999999, 0.94, 0.95, 0.96, 0.97], "f1": [421.36217642323714, 421.3248652215902, 421.3975859039554, 421.3292088351151, 421.3692154090453, 421.36844863530297, 421.3163231710256, 421.3929292552581, 421.3049127212048, 421.35568037492646, 421.34652874745586, 421.2598967553256, 421.36931585597284, 421.2455726263798, 421.3257173032791, 421.3103296522691, 421.23698508816386, 421.3391949108711, 421.24561674097833, 421.29738527763277, 421.2967022362105, 421.2624525733562, 421.3321853226768, 421.2683570242101, 421.2896696445961, 421.3034390669793, 421.2792167395516, 421.3391335825806, 421.2819877418427, 421.2935047995603, 421.31179399979663, 421.2877443187331, 421.34597239594973, 421.2889288562944, 421.2983560237311, 421.31695902211385, 421.2917328998478, 421.34970910957685, 421.291893060766, 421.3008632853055, 421.31880933896696, 421.29281288937926, 421.350353798534, 421.29201765552943, 421.30048300762047, 421.31762482689686, 421.2914672487729, 421.34808179760597, 421.28949538429214, 421.29748268205213, 421.3134389784055, 421.2874509150426, 421.3429750437647, 421.28381508389975, 421.2930433025007, 421.3063506261469, 421.2798047724766, 421.33585052613387, 421.27378923131045, 421.29061305485277, 421.2979630465231, 421.2668097427116, 421.33077054860587, 421.2582485407949, 421.29658940921075, 421.29473564084253, 421.2477214205204, 421.33682094257784, 421.24166369715954, 421.3144423640019, 421.3070917285465, 421.2345102571555, 421.3568289278406, 421.2475246657986, 421.336943870771, 421.33224512048594, 421.2587568947688, 421.3780025851788, 421.2845303175086, 421.3546998652815, 421.3541868938656, 421.2993476363518, 421.39150317165934, 421.3148275626097, 421.36534097993655, 421.36676998094237, 421.3212265597581, 421.39777096075653, 421.327916628796, 421.3696363978708, 421.37104779456456, 421.32672565611904, 421.3958674525632, 421.3242247741344, 421.3564507231085], "f2": [465.2755765541599, 465.24033328900384, 465.3090939757866, 465.24444345789766, 465.2821453182198, 465.28144912239765, 465.2323468599333, 465.3047881779991, 465.2217260468406, 465.26949559801074, 465.2609653734374, 465.1795631446751, 465.28295142332564, 465.16622199424734, 465.24149408576125, 465.22713931570945, 465.1581201719324, 465.255106004815, 465.1662629707284, 465.21501541615834, 465.2144041203744, 465.18195406841636, 465.2486270703394, 465.1875375568681, 465.20780376862245, 465.22070010196626, 465.19763849393826, 465.2550501397881, 465.2002867984013, 465.2113886043161, 465.22850787778253, 465.20561573875545, 465.2613719965979, 465.20677834834527, 465.21592296582094, 465.2333344739313, 465.2093466984476, 465.264826313158, 465.20955044038647, 465.2182663898295, 465.2350635299723, 465.21035691028254, 465.2654222918405, 465.20966695624713, 465.2179109596587, 465.2339566552602, 465.2090982100227, 465.2633219915173, 465.2073081563974, 465.2151066673166, 465.2300451070387, 465.2053412822649, 465.25860123953663, 465.20199581158715, 465.2109572115624, 465.2234210703967, 465.19818860069745, 465.25201533919295, 465.1926186773351, 465.20868555744323, 465.2155825303232, 465.1860309086306, 465.2473192950125, 465.17808137851097, 465.2142715196176, 465.21256623759604, 465.16816892802075, 465.25291167624425, 465.162563942755, 465.23095708227186, 465.22411357045996, 465.1558036908033, 465.2714070271061, 465.16804837121265, 465.2519855648404, 465.2476183857287, 465.17849654514697, 465.2909836307472, 465.2026651691208, 465.2685792151165, 465.26812162028057, 465.21646988299256, 465.30346917032364, 465.2309969483954, 465.2785242763299, 465.2798804387473, 465.2369326736175, 465.3092667155821, 465.2432353346882, 465.2825385458845, 465.28387773586707, 465.24207472557157, 465.30750228644985, 465.2397781801634, 465.2701962856649], "f3": [3057.1504666978517, 3101.342124780133, 3158.2061032564816, 3100.6091403990013, 3042.1428224175406, 3047.371244104966, 3120.74442494459, 3168.246802113189, 3155.857292056264, 3064.1450520500825, 3083.1915616469164, 3240.4304068769093, 3214.7617680995227, 3267.780684571838, 3112.6214338825557, 3139.454660609008, 3273.17958563177, 3257.572113872524, 3267.7360116581876, 3153.432545202157, 3157.8118687388996, 3236.049412894844, 3264.6760685972813, 3232.6641584103936, 3163.0903833165303, 3148.9911898930313, 3203.866110475503, 3257.6132946923326, 3206.2680033993997, 3158.376461996183, 3137.3656401372455, 3185.64668970483, 3249.6933366656062, 3191.5930798635904, 3152.1671284715817, 3129.8335868747713, 3176.8232049958237, 3244.933810592592, 3185.131409015206, 3148.852657146273, 3127.0772145558763, 3174.408306464847, 3244.080775635789, 3184.8575755216143, 3149.359901266775, 3128.845193267015, 3177.415664377747, 3247.0445691295436, 3190.366016553398, 3153.3050527365463, 3134.9938320814736, 3186.2891864950066, 3253.2869793197365, 3202.4735633522714, 3158.9531109012537, 3145.022772044102, 3202.643288953997, 3261.0661022215036, 3222.5793770687114, 3161.9475664146225, 3156.2000261305643, 3228.2283944202427, 3265.9975952553423, 3249.7150262557284, 3154.461205148497, 3160.2874445817606, 3259.3233268228405, 3260.090415380253, 3272.641573221754, 3129.7462982032794, 3143.998206311702, 3276.014555368847, 3235.011552624113, 3265.239367447814, 3094.7648207505927, 3106.292680482584, 3242.3415268627136, 3198.713707795061, 3200.9777202174637, 3065.750896857954, 3070.63515043122, 3159.6401742522776, 3171.2758945237188, 3133.1300332612964, 3048.3952649152734, 3050.088226483208, 3109.6314322195294, 3157.841718327187, 3103.4871413849983, 3041.457404248675, 3043.1706059179824, 3097.293431321222, 3161.8723557715184, 3111.472447994732, 3062.2115333006773]}