{"times": [0.020000000000000014, 0.030000000000000013, 0.040000000000000015, 0.05000000000000002, 0.06000000000000001, 0.07000000000000002, 0.08000000000000002, 0.09000000000000002, 0.10000000000000002, 0.11000000000000001, 0.12000000000000002, 0.13, 0.14, 0.15000000000000002, 0.16000000000000003, 0.17, 0.18000000000000002, 0.19000000000000003, 0.2, 0.21000000000000002, 0.22000000000000003, 0.23, 0.24000000000000002, 0.25, 0.26, 0.27, 0.28, 0.29000000000000004, 0.30000000000000004, 0.31, 0.32, 0.33, 0.34, 0.35000000000000003, 0.36000000000000004, 0.37000000000000005, 0.38, 0.39, 0.4, 0.41000000000000003, 0.42000000000000004, 0.43000000000000005, 0.44, 0.45, 0.46, 0.47000000000000003, 0.48000000000000004, 0.49000000000000005, 0.5, 0.51, 0.52, 0.53, 0.54, 0.55, 0.56, 0.5700000000000001, 0.5800000000000001, 0.5900000000000001, 0.6, 0.61, 0.62, 0.63, 0.64, 0.65, 0.66, 0.67, 0.68, 0.6900000000000001, 0.7000000000000001, 0.7100000000000001, 0.7200000000000001, 0.73, 0.74, 0.75, 0.76, 0.77, 0.78, 0.79, 0.8, 0.81, 0.8200000000000001, 0.8300000000000001, 0.8400000000000001, 0.8500000000000001, 0.86, 0.87, 0.88, 0.89, 0.9, 0.91, 0.92, 0.93, 0.9400000000000001, 0.9500000000000001, 0.9600000000000001, 0.9700000000000001, 0.98], "frequencies": [440.0010022803643, 440.0010006548993, 440.0010010437139, 440.00098058292866, 440.0010035232343, 440.0010022803643, 440.0010006548993, 440.0010010437139, 440.00098058292866, 440.0010035232343, 440.0010022803643, 440.0010006548993, 440.0010010437139, 440.00098058292866, 440.0010035232343, 440.0010022803643, 440.0010006548993, 440.0010010437139, 440.00098058292866, 440.0010035232343, 440.0010022803643, 440.0010006548993, 440.0010010437139, 440.00098058292866, 440.0010035232343, 440.0010022803643, 440.0010006548993, 440.0010010437139, 440.00098058292866, 440.0010035232343, 440.0010022803643, 440.0010006548993, 440.0010010437139, 440.00098058292866, 440.0010035232343, 440.0010022803643, 440.0010006548993, 440.0010010437139, 440.00098058292866, 440.0010035232343, 440.0010022803643, 440.0010006548993, 440.0010010437139, 440.00098058292866, 440.0010035232343, 440.0010022803643, 440.0010006548993, 440.0010010437139, 440.00098058292866, 440.0010035232343, 440.0010022803643, 440.0010006548993, 440.0010010437139, 440.00098058292866, 440.0010035232343, 440.0010022803643, 440.0010006548993, 440.0010010437139, 440.00098058292866, 440.0010035232343, 440.0010022803643, 440.0010006548993, 440.0010010437139, 440.00098058292866, 440.0010035232343, 440.0010022803643, 440.0010006548993, 440.0010010437139, 440.00098058292866, 440.0010035232343, 440.0010022803643, 440.0010006548993, 440.0010010437139, 440.00098058292866, 440.0010035232343, 440.0010022803643, 440.0010006548993, 440.0010010437139, 440.00098058292866, 440.0010035232343, 440.0010022803643, 440.0010006548993, 440.0010010437139, 440.00098058292866, 440.0010035232343, 440.0010022803643, 440.0010006548993, 440.0010010437139, 440.00098058292866, 440.0010035232343, 440.0010022803643, 440.0010006548993, 440.0010010437139, 440.00098058292866, 440.0010035232343, 440.0010022803643, 440.0010006548993]}