{"times": [0.01500000000000001, 0.02500000000000001, 0.03500000000000001, 0.04500000000000001, 0.05500000000000001, 0.06500000000000002, 0.07500000000000001, 0.08500000000000002, 0.09500000000000001, 0.10500000000000001, 0.11500000000000002, 0.125, 0.135, 0.14500000000000002, 0.15500000000000003, 0.165, 0.17500000000000002, 0.18500000000000003, 0.195, 0.20500000000000002, 0.21500000000000002, 0.225, 0.23500000000000001, 0.24500000000000002, 0.255, 0.265, 0.275, 0.28500000000000003, 0.29500000000000004, 0.305, 0.315, 0.325, 0.335, 0.34500000000000003, 0.35500000000000004, 0.36500000000000005, 0.375, 0.385, 0.395, 0.405, 0.41500000000000004, 0.42500000000000004, 0.435, 0.445, 0.455, 0.465, 0.47500000000000003, 0.48500000000000004, 0.495, 0.505, 0.515, 0.525, 0.535, 0.545, 0.555, 0.5650000000000001, 0.5750000000000001, 0.5850000000000001, 0.595, 0.605, 0.615, 0.625, 0.635, 0.645, 0.655, 0.665, 0.675, 0.685, 0.6950000000000001, 0.7050000000000001, 0.7150000000000001, 0.725, 0.735, 0.745, 0.755, 0.765, 0.775, 0.785, 0.795, 0.805, 0.8150000000000001, 0.8250000000000001, 0.8350000000000001, 0.8450000000000001, 0.855, 0.865, 0.875, 0.885, 0.895, 0.905, 0.915, 0.925, 0.935, 0.9450000000000001, 0.9550000000000001, 0.9650000000000001, 0.975, 0.985, 0.995, 1.005, 1.015, 1.025, 1.035, 1.045, 1.055, 1.065, 1.075, 1.085, 1.095, 1.105, 1.115, 1.125, 1.135, 1.145, 1.155, 1.165, 1.1749999999999998, 1.1849999999999998, 1.1949999999999998, 1.2049999999999998, 1.2149999999999999, 1.2249999999999999, 1.2349999999999999, 1.2449999999999999, 1.255, 1.265, 1.275, 1.285, 1.295, 1.305, 1.315, 1.325, 1.335, 1.345, 1.355, 1.365, 1.375, 1.385, 1.395, 1.405, 1.415, 1.4249999999999998, 1.4349999999999998, 1.4449999999999998, 1.4549999999999998, 1.4649999999999999, 1.4749999999999999, 1.4849999999999999, 1.4949999999999999, 1.505, 1.515, 1.525, 1.535, 1.545, 1.555, 1.565, 1.575, 1.585, 1.595, 1.605, 1.615, 1.625, 1.635, 1.645, 1.655, 1.665, 1.675, 1.6849999999999998, 1.6949999999999998, 1.7049999999999998, 1.7149999999999999, 1.7249999999999999, 1.7349999999999999, 1.7449999999999999, 1.755, 1.765, 1.775, 1.785, 1.795, 1.805, 1.815, 1.825, 1.835, 1.845, 1.855, 1.865, 1.875, 1.885, 1.895, 1.905, 1.915, 1.925, 1.9349999999999998, 1.9449999999999998, 1.9549999999999998, 1.9649999999999999, 1.9749999999999999, 1.9849999999999999], "values": [23.29351011081558, 23.33465539377711, 24.191352266570078, 23.299710091995646, 23.831580073728816, 24.89397959459255, 24.91874575756656, 23.89643409525533, 25.75156461805578, 26.043506331322213, 25.77620626149383, 25.576358001278464, 25.58822719881085, 26.80900604220053, 27.973057184051918, 26.072070161683875, 28.038642780571116, 27.037827297583167, 27.822695529155375, 27.7142549301978, 28.33095571209855, 28.997840093584163, 29.2172652958575, 28.803471372052076, 28.166291603307023, 28.86760409669013, 29.47987086703677, 29.531581049782044, 29.232051480105113, 29.8725301273723, 30.68863201640614, 30.11600544745024, 29.856216054858898, 30.09818272387553, 30.55431973561393, 30.722048113601037, 30.774818332936313, 31.4453768379823, 30.441385656898948, 31.963080965784613, 31.11886318669798, 31.04105055882915, 31.747792941079386, 31.912884727465922, 31.849323127816625, 31.937627157143673, 32.52091191973844, 32.76925804724837, 31.817595112629856, 33.01867797269688, 32.300041552744624, 32.99233331645403, 32.901270196043384, 33.24523362402979, 33.54695353961984, 33.748951613567016, 33.947773359360745, 33.73420143588295, 33.19622380569359, 33.67518063956486, 33.813996064154715, 33.919531365555756, 34.11082031250472, 33.643262285690774, 34.01611822266218, 34.49802254743929, 34.643695667275026, 34.56126409223676, 34.496540322936255, 34.71787674912601, 34.54415674010327, 35.07015699633986, 34.64316087729375, 35.50658036405164, 34.856744594434865, 34.91935780899401, 35.25413572311125, 35.396038552951, 35.53509006396508, 35.84475554971842, 35.81951505788564, 35.2959712231346, 36.156435216640595, 35.61498904476562, 36.20102794004088, 36.02174849500202, 36.21852889444381, 36.286843034391694, 36.2893785465575, 36.46644787090521, 36.8058331073762, 36.7469352415772, 36.35849228378638, 36.74454363967025, 36.766780987464976, 36.67715448936302, 37.13322370677642, 37.17093255550018, 36.91104186210964, 36.84092465152113, 37.00391674056299, 37.26069886289304, 37.34840166899272, 37.4029499960838, 37.58040582827464, 37.31806770798095, 37.67903691272333, 37.89278145002717, 37.50982825169514, 37.606154960058724, 37.80536198840412, 37.97217709564012, 38.16209758350737, 38.10946757778612, 37.79659747860518, 38.45925858921702, 38.065952803668694, 38.489976402727095, 38.25894999827574, 38.42854866769698, 38.398582929516174, 38.32942787428916, 38.33096342647296, 38.48836147399916, 38.89573579524071, 38.95220222282066, 38.69656571807974, 38.93706051174626, 39.03741126037747, 38.9083961372213, 38.89413400499159, 39.23201045687014, 39.42202139228673, 39.44486042343439, 39.36164038799694, 39.30204405039279, 39.42850481011134, 39.31997085845156, 39.72485245215942, 39.294622958350594, 39.830398728105514, 39.80619109022674, 39.60690044773381, 39.67743695367202, 39.82697289189437, 39.95461664947047, 39.8945673966199, 39.75426897629217, 40.24581766626415, 39.96217779305638, 40.27339950232793, 40.05501788272091, 40.25340800812281, 40.22932892874324, 40.22678338633392, 40.24547983946013, 40.20352529245706, 40.29914335381713, 40.68522590713834, 40.61541359520604, 40.578251656043356, 40.66443195855073, 40.703144065817234, 40.94812266746261, 40.82902370167385, 40.703661995462454, 40.729185448362756, 40.828610736894014, 41.01435223889222, 41.05527932053651, 41.13144641317861, 41.11085682959529, 41.21177414016919, 41.04902228557788, 41.474994077605636, 41.41486931275693, 41.32378543260755, 41.37431637234971, 41.44484965867826, 41.40233520562258, 41.37567944113521, 41.754511140438176, 41.514403324577096, 41.77968922216454, 41.556620860925484, 41.78603524116394, 41.76987446048753, 41.811092371022404, 41.89470249983032, 41.89519041442675, 41.78118168512536, 41.81640910814571, 42.12819739179708, 42.05810532142863, 42.10358815810167, 42.17478232078149, 42.056353073627115, 42.2039233678348]}