{"times": [0.04500000000000003, 0.055000000000000035, 0.06500000000000003, 0.07500000000000004, 0.08500000000000003, 0.09500000000000003, 0.10500000000000004, 0.11500000000000005, 0.12500000000000003, 0.13500000000000004, 0.14500000000000005, 0.15500000000000003, 0.16500000000000004, 0.17500000000000004, 0.18500000000000005, 0.19500000000000003, 0.20500000000000004, 0.21500000000000005, 0.22500000000000003, 0.23500000000000004, 0.24500000000000005, 0.255, 0.265, 0.275, 0.28500000000000003, 0.29500000000000004, 0.30500000000000005, 0.31500000000000006, 0.32500000000000007, 0.335, 0.34500000000000003, 0.35500000000000004, 0.36500000000000005, 0.37500000000000006, 0.38500000000000006, 0.3950000000000001, 0.405, 0.41500000000000004, 0.42500000000000004, 0.43500000000000005, 0.44500000000000006, 0.45500000000000007, 0.465, 0.47500000000000003, 0.48500000000000004, 0.49500000000000005, 0.505, 0.515, 0.525, 0.535, 0.545, 0.555, 0.5650000000000001, 0.5750000000000001, 0.5850000000000001, 0.5950000000000001, 0.6050000000000001, 0.6150000000000001, 0.625, 0.635, 0.645, 0.655, 0.665, 0.675, 0.685, 0.6950000000000001, 0.7050000000000001, 0.7150000000000001, 0.7250000000000001, 0.7350000000000001, 0.7450000000000001, 0.755, 0.765, 0.775, 0.785, 0.795, 0.805, 0.8150000000000001, 0.8250000000000001, 0.8350000000000001, 0.8450000000000001, 0.8550000000000001, 0.8650000000000001, 0.8750000000000001, 0.885, 0.895, 0.905, 0.915, 0.925, 0.935, 0.9450000000000001, 0.9550000000000001, 0.9650000000000001, 0.9750000000000001, 0.9850000000000001, 0.9950000000000001, 1.005, 1.015, 1.025, 1.035, 1.045, 1.055, 1.065, 1.075, 1.085, 1.095, 1.105, 1.115, 1.125, 1.135, 1.145, 1.155, 1.165, 1.175, 1.185, 1.195, 1.2049999999999998, 1.2149999999999999, 1.2249999999999999, 1.2349999999999999, 1.2449999999999999, 1.255, 1.265, 1.275, 1.285, 1.295, 1.305, 1.315, 1.325, 1.335, 1.345, 1.355, 1.365, 1.375, 1.385, 1.395, 1.405, 1.415, 1.425, 1.435, 1.445, 1.4549999999999998, 1.4649999999999999, 1.4749999999999999, 1.4849999999999999, 1.4949999999999999, 1.505, 1.515, 1.525, 1.535, 1.545, 1.555, 1.565, 1.575, 1.585, 1.595, 1.605, 1.615, 1.625, 1.635, 1.645, 1.655, 1.665, 1.675, 1.685, 1.695, 1.705, 1.7149999999999999, 1.7249999999999999, 1.7349999999999999, 1.7449999999999999, 1.755, 1.765, 1.775, 1.785, 1.795, 1.805, 1.815, 1.825, 1.835, 1.845, 1.855, 1.865, 1.875, 1.885, 1.895, 1.905, 1.915, 1.925, 1.935, 1.945, 1.955], "values": [89.03247459227296, 89.03181855787892, 89.03042557580478, 89.03575074269403, 89.03042356631607, 89.03048778925402, 89.0328956989602, 89.03064627369864, 89.03104626883008, 89.03043526520442, 89.03085847571425, 89.03406530737833, 89.03042593131879, 89.03210189899022, 89.03148346620424, 89.0304504486518, 89.0320880946369, 89.03158672901557, 89.03109055872817, 89.03259020108703, 89.03050694338964, 89.03058127625029, 89.03186792137714, 89.0304362295815, 89.0323814191722, 89.03045321531344, 89.03110989069728, 89.0321619797031, 89.03043292645252, 89.03168136472543, 89.03102824079731, 89.03085542025022, 89.03122596832347, 89.0304256474262, 89.03156473028794, 89.0304247968014, 89.03049365233171, 89.03145399166242, 89.03043528474834, 89.03042689113393, 89.0305062076849, 89.03043160901117, 89.03057716754282, 89.03080264638149, 89.03059239569268, 89.03047929917513, 89.03049696549745, 89.03063183718699, 89.03061312402549, 89.03046334003369, 89.03141875895932, 89.0306197504346, 89.03083619651619, 89.03119436544034, 89.03042469161194, 89.03054577821494, 89.0308306260244, 89.03043187825713, 89.03119136433838, 89.03044766523296, 89.03043109267925, 89.03052226715045, 89.03042811118974, 89.0305852140489, 89.03043046496944, 89.03051176205327, 89.03103974176936, 89.0304242489328, 89.03086941253414, 89.03046005580603, 89.03053059721108, 89.03086591228161, 89.03042410581983, 89.03045254826682, 89.03046033856253, 89.03043448444475, 89.0309417006807, 89.03052704016956, 89.03044591732052, 89.0309006738521, 89.03042539816548, 89.03060502251003, 89.03068608977811, 89.03049405858971, 89.0306800090034, 89.03044257516476, 89.03066958441198, 89.03076627929082, 89.0304288887968, 89.03058991571928, 89.03052970607506, 89.03049363218125, 89.0304952587675, 89.0304208100199, 89.03072505031089, 89.03056785085609, 89.03046631838203, 89.03077903311114, 89.03046116613291, 89.03045757722182, 89.03053501631359, 89.03042952635873, 89.03055433248026, 89.03045755006443, 89.03053460922997, 89.03069515286617, 89.03042550178354, 89.030560098743, 89.0305584049319, 89.0304668164022, 89.03056844560746, 89.03042874736202, 89.03059217263923, 89.03044001899664, 89.0304229184102, 89.03068015986429, 89.03045328872213, 89.03043455120427, 89.03044456913044, 89.03042642074615, 89.03057615253599, 89.03058045521641, 89.03042389796786, 89.0306209541283, 89.03042659166522, 89.0305526964079, 89.03047110600161, 89.03042718711305, 89.03048190230689, 89.03045953717906, 89.03043748163279, 89.03042596028524, 89.03042573644443, 89.03058086436394, 89.03041887441944, 89.03043897736669, 89.03044660251427, 89.03043592297807, 89.03052425385758, 89.03060108875117, 89.03042580902073, 89.03061463113863, 89.03049247366064, 89.03042637860915, 89.03046216348588, 89.03043002469188, 89.03042751082715, 89.03052261339367, 89.03043457836235, 89.03044362771001, 89.03042378360588, 89.03042542040397, 89.03042369304526, 89.03042142455556, 89.03053058945935, 89.03049027017227, 89.03042390118654, 89.03059379062566, 89.03041930291221, 89.03048158710743, 89.0305405582309, 89.03043320986643, 89.03053042070427, 89.03044483311687, 89.03049298236355, 89.03053159548683, 89.03042295065092, 89.03053619205059, 89.03044348529717, 89.03045484385247, 89.03042828069964, 89.0304249316107, 89.03050021073082, 89.03051717171763, 89.03042741872746, 89.03051411460834, 89.0304268201302, 89.03044390952347, 89.03054122205675, 89.03042080799847, 89.03052568169201, 89.03045538491773, 89.03042486511971, 89.03045835288297, 89.03042576076815, 89.03046247433139, 89.03044574380388, 89.03042755633726, 89.03051894259846, 89.03044870366983, 89.03044124925493, 89.03049930458732]}