{"times": [0.020000000000000014, 0.030000000000000013, 0.040000000000000015, 0.05000000000000002, 0.06000000000000001, 0.07000000000000002, 0.08000000000000002, 0.09000000000000002, 0.10000000000000002, 0.11000000000000001, 0.12000000000000002, 0.13, 0.14, 0.15000000000000002, 0.16000000000000003, 0.17, 0.18000000000000002, 0.19000000000000003, 0.2, 0.21000000000000002, 0.22000000000000003, 0.23, 0.24000000000000002, 0.25, 0.26, 0.27, 0.28, 0.29000000000000004, 0.30000000000000004, 0.31, 0.32, 0.33, 0.34, 0.35000000000000003, 0.36000000000000004, 0.37000000000000005, 0.38, 0.39, 0.4, 0.41000000000000003, 0.42000000000000004, 0.43000000000000005, 0.44, 0.45, 0.46, 0.47000000000000003, 0.48000000000000004, 0.49000000000000005, 0.5, 0.51, 0.52, 0.53, 0.54, 0.55, 0.56, 0.5700000000000001, 0.5800000000000001, 0.5900000000000001, 0.6, 0.61, 0.62, 0.63, 0.64, 0.65, 0.66, 0.67, 0.68, 0.6900000000000001, 0.7000000000000001, 0.7100000000000001, 0.7200000000000001, 0.73, 0.74, 0.75, 0.76, 0.77, 0.78, 0.79, 0.8, 0.81, 0.8200000000000001, 0.8300000000000001, 0.8400000000000001, 0.8500000000000001, 0.86, 0.87, 0.88, 0.89, 0.9, 0.91, 0.92, 0.93, 0.9400000000000001, 0.9500000000000001, 0.9600000000000001, 0.9700000000000001, 0.98, 0.99, 1.0, 1.01, 1.02, 1.03, 1.04, 1.05, 1.06, 1.07, 1.08, 1.09, 1.1, 1.11, 1.12, 1.1300000000000001, 1.1400000000000001, 1.1500000000000001, 1.1600000000000001, 1.1700000000000002, 1.18, 1.19, 1.2, 1.21, 1.22, 1.23, 1.24, 1.25, 1.26, 1.27, 1.28, 1.29, 1.3, 1.31, 1.32, 1.33, 1.34, 1.35, 1.36, 1.37, 1.3800000000000001, 1.3900000000000001, 1.4000000000000001, 1.4100000000000001, 1.4200000000000002, 1.43, 1.44, 1.45, 1.46, 1.47, 1.48, 1.49, 1.5, 1.51, 1.52, 1.53, 1.54, 1.55, 1.56, 1.57, 1.58, 1.59, 1.6, 1.61, 1.62, 1.6300000000000001, 1.6400000000000001, 1.6500000000000001, 1.6600000000000001, 1.6700000000000002, 1.6800000000000002, 1.69, 1.7, 1.71, 1.72, 1.73, 1.74, 1.75, 1.76, 1.77, 1.78, 1.79, 1.8, 1.81, 1.82, 1.83, 1.84, 1.85, 1.86, 1.87, 1.8800000000000001, 1.8900000000000001, 1.9000000000000001, 1.9100000000000001, 1.9200000000000002, 1.9300000000000002, 1.94, 1.95, 1.96, 1.97, 1.98], "frequencies": [109.03718528709516, 113.5409791827241, 118.03290797567195, 122.53607111715266, 127.03629932475341, 131.53557223617582, 136.0295617369586, 140.53029178923953, 145.02757743359362, 149.52968673310977, 154.03008348384841, 158.52939156282, 163.0266738221426, 167.5278444433236, 172.02667051834746, 176.52641768616806, 181.02416699578998, 185.52432257898772, 190.02240928598758, 194.52287663995637, 199.02322571949304, 203.5221560041069, 208.02625494104376, 212.52211923792655, 217.0226464037921, 221.5197743613377, 226.0197146234651, 230.52179060197835, 235.01893257423947, 239.51908694013215, 244.01810805992034, 248.5195199053507, 253.01989226505347, 257.519294712646, 262.0192886604636, 266.51784936307547, 271.01603554420535, 275.51479909720854, 280.0166957752406, 284.52015335144347, 289.015306629206, 293.51676617068824, 298.0186138578215, 302.514275435875, 307.01376330629614, 311.5140668306293, 316.0138245615054, 320.51328506561043, 325.012533019608, 329.5134514308081, 334.01047195637085, 338.51449986089773, 343.0123368365436, 347.51387995180687, 352.01380007940577, 356.51102007619494, 361.0122229651023, 365.51072889012585, 370.01224549264833, 374.5104204919125, 379.0126094739971, 383.51470226923067, 388.00980933959386, 392.51206476615897, 397.0091586121737, 401.5103290408286, 406.00930124668304, 410.510950250447, 415.01128209203426, 419.5093256012402, 424.0061597344963, 428.5110061739252, 433.0093971831319, 437.5085692704546, 442.00815593745705, 446.50796128605174, 451.00799358104985, 455.5082400951312, 460.00898147581074, 464.5105198608371, 469.00547446785487, 473.5079799943968, 478.0093215664892, 482.5089859907994, 487.0073582122718, 491.5065186339329, 496.00894642012724, 500.506752755893, 505.0087549487714, 509.5068125630486, 514.0064966968006, 518.5048786023053, 523.0083584364331, 527.5060190997847, 532.0077431934809, 536.5074381096523, 541.0065197149033, 545.5064870563876, 550.0069332417906, 554.5060838850982, 559.007161195737, 563.5073822870703, 568.0049480637595, 572.503064246818, 577.0066622813895, 581.5057329854773, 586.0069119182119, 590.5044263552637, 595.0048619506889, 599.5049363468266, 302.0017284397355, 304.25307231588755, 306.50262837453374, 308.7523875130907, 311.0022353557817, 313.25215163698425, 315.50212612121015, 317.75211100795974, 320.0021549947468, 322.2522815011086, 324.50250177767606, 326.75292693060254, 329.0014666888334, 331.2519725899801, 333.5023139632311, 335.75233712462244, 338.00210154869745, 340.251783378041, 342.5017437284351, 344.7523746659141, 347.0015327822175, 349.2521655185037, 351.5019325350498, 353.75155421372574, 356.0020215720732, 358.25143709102383, 360.5020589158637, 362.75159481984815, 365.0016748485203, 367.25123841810375, 369.50194490282666, 371.75139240866923, 374.00204853251455, 376.25172300656305, 378.5015384182638, 380.7515096480078, 383.0014261181324, 385.25157732243895, 387.5013663671285, 389.7513648531934, 392.00143615553725, 394.2515446190392, 396.50159716999747, 398.75118305207957, 401.00221231077705, 403.25161258021234, 405.50110352413816, 407.7512335207729, 410.0011656767774, 412.2520960098561, 414.5014519633808, 416.75116675194846, 419.00142531889793, 421.2509118625768, 423.5010288446199, 425.7509845699651, 428.00040795903436, 430.25110649796244, 432.5018189795164, 434.75124178287876, 437.00146927355905, 439.2512455129575, 441.5012803221724, 443.75125063584437, 446.0011718863888, 448.2512072860417, 450.50121156312537, 452.7511235278592, 455.00136590483413, 457.25106050271614, 459.5016958153962, 461.75085921221955, 464.0001991518802, 466.25063341868565, 468.5007115522159, 470.7504561493799, 473.0010522335838, 475.25058842037333, 477.50107301500344, 479.7511335668125, 482.00074117207197, 484.2502438152307, 486.50043752600806, 488.7509747795874, 491.00052064616676, 493.25091213186585, 495.49971308802765]}