{"times": [0.01500000000000001, 0.02500000000000001, 0.03500000000000001, 0.04500000000000001, 0.05500000000000001, 0.06500000000000002, 0.07500000000000001, 0.08500000000000002, 0.09500000000000001, 0.10500000000000001, 0.11500000000000002, 0.125, 0.135, 0.14500000000000002, 0.15500000000000003, 0.165, 0.17500000000000002, 0.18500000000000003, 0.195, 0.20500000000000002, 0.21500000000000002, 0.225, 0.23500000000000001, 0.24500000000000002, 0.255, 0.265, 0.275, 0.28500000000000003, 0.29500000000000004, 0.305, 0.315, 0.325, 0.335, 0.34500000000000003, 0.35500000000000004, 0.36500000000000005, 0.375, 0.385, 0.395, 0.405, 0.41500000000000004, 0.42500000000000004, 0.435, 0.445, 0.455, 0.465, 0.47500000000000003, 0.48500000000000004, 0.495, 0.505, 0.515, 0.525, 0.535, 0.545, 0.555, 0.5650000000000001, 0.5750000000000001, 0.5850000000000001, 0.595, 0.605, 0.615, 0.625, 0.635, 0.645, 0.655, 0.665, 0.675, 0.685, 0.6950000000000001, 0.7050000000000001, 0.7150000000000001, 0.725, 0.735, 0.745, 0.755, 0.765, 0.775, 0.785, 0.795, 0.805, 0.8150000000000001, 0.8250000000000001, 0.8350000000000001, 0.8450000000000001, 0.855, 0.865, 0.875, 0.885, 0.895, 0.905, 0.915, 0.925, 0.935, 0.9450000000000001, 0.9550000000000001, 0.9650000000000001, 0.975, 0.985], "values": [75.19401296674144, 64.10149825615063, 86.26819788253076, 79.48604524176639, 72.03914786924062, 75.19401296674144, 64.10149825615063, 86.26819788253076, 79.48604524176639, 72.03914786924062, 75.19401296674144, 64.30747639093597, 86.26819788253076, 79.48604524176639, 72.03914786924062, 75.19401296674144, 64.10149825615063, 86.26819788253076, 79.48604524176639, 72.03914786924062, 75.19401296674144, 64.10149825615063, 86.26819788253076, 79.48604524176639, 72.03914786924062, 75.19401296674144, 64.10149825615063, 86.26819788253076, 79.48604524176639, 72.03914786924062, 75.19401296674144, 64.10149825615063, 86.26819788253076, 79.48604524176639, 72.03914786924062, 75.19401296674144, 64.10149825615063, 86.26819788253076, 79.48604524176639, 72.03914786924062, 75.19401296674144, 64.10149825615063, 86.26819788253076, 79.48604524176639, 72.03914786924062, 75.19401296674144, 64.10149825615063, 86.26819788253076, 79.48604524176639, 72.03914786924062, 75.19401296674144, 64.10149825615063, 86.26819788253076, 79.48604524176639, 72.03914786924062, 75.19401296674144, 64.10149825615063, 86.26819788253076, 79.48517466421019, 72.03914786924062, 75.19401296674144, 64.10149825615063, 86.26819788253076, 79.48604524176639, 72.03914786924062, 75.19401296674144, 64.10149825615063, 86.26819788253076, 79.48604524176639, 72.03914786924062, 75.19401296674144, 64.10155232330274, 86.26819788253076, 79.48604524176639, 72.03914786924062, 75.19401296674144, 64.10149825615063, 86.26819788253076, 79.48604524176639, 72.03914786924062, 75.19401296674144, 64.10149825615063, 86.26819788253076, 79.48604524176639, 72.03914786924062, 75.19401296674144, 64.10149825615063, 86.26819788253076, 79.48604524176639, 72.03914786924062, 75.19401296674144, 64.10149825615063, 86.26819788253076, 79.48604524176639, 72.03914786924062, 75.19401296674144, 64.10149825615063, 86.26819788253076]}