{"times": [0.029999999999999916, 0.03999999999999992, 0.04999999999999992, 0.059999999999999915, 0.06999999999999992, 0.07999999999999992, 0.08999999999999991, 0.09999999999999992, 0.10999999999999992, 0.11999999999999991, 0.12999999999999992, 0.1399999999999999, 0.1499999999999999, 0.15999999999999992, 0.16999999999999993, 0.1799999999999999, 0.18999999999999992, 0.19999999999999993, 0.2099999999999999, 0.21999999999999992, 0.22999999999999993, 0.2399999999999999, 0.24999999999999992, 0.2599999999999999, 0.2699999999999999, 0.2799999999999999, 0.2899999999999999, 0.29999999999999993, 0.30999999999999994, 0.3199999999999999, 0.3299999999999999, 0.3399999999999999, 0.3499999999999999, 0.35999999999999993, 0.36999999999999994, 0.37999999999999995, 0.3899999999999999, 0.3999999999999999, 0.4099999999999999, 0.41999999999999993, 0.42999999999999994, 0.43999999999999995, 0.4499999999999999, 0.4599999999999999, 0.4699999999999999, 0.4799999999999999, 0.48999999999999994, 0.49999999999999994, 0.5099999999999999, 0.5199999999999999, 0.5299999999999999, 0.5399999999999999, 0.5499999999999999, 0.5599999999999999, 0.57, 0.58, 0.59, 0.6, 0.6099999999999999, 0.6199999999999999, 0.6299999999999999, 0.6399999999999999, 0.6499999999999999, 0.6599999999999999, 0.6699999999999999, 0.6799999999999999, 0.69, 0.7, 0.71, 0.72, 0.73, 0.7399999999999999, 0.7499999999999999, 0.7599999999999999, 0.7699999999999999, 0.7799999999999999, 0.7899999999999999, 0.7999999999999999, 0.8099999999999999, 0.82, 0.83, 0.84, 0.85, 0.86, 0.8699999999999999, 0.8799999999999999, 0.8899999999999999, 0.8999999999999999, 0.9099999999999999, 0.9199999999999999, 0.9299999999999999, 0.94, 0.95, 0.96, 0.97], "f1": [1095.1885690020733, 1093.3399013454111, 1092.1632850975907, 1093.24078245193, 1095.118467322986, 1095.1796987999926, 1093.3386501422897, 1092.1644164485344, 1093.2426366063858, 1095.1205173881747, 1095.1817189885185, 1093.3405755177428, 1092.1662230974794, 1093.2442872262964, 1095.1220293427834, 1095.183103910448, 1093.3418553462866, 1092.1674080491673, 1093.2453686149868, 1095.1230212417954, 1095.1840165909318, 1093.342703065441, 1092.168196146406, 1093.2460908969783, 1095.1236851993397, 1095.184628252775, 1093.3432708930754, 1092.1687225687147, 1093.2465712201074, 1095.1241235055018, 1095.1850280936421, 1093.343637270283, 1092.169056516444, 1093.2468695430298, 1095.1243884778244, 1095.1852617961683, 1093.3438424272379, 1092.1692334868142, 1093.2470166448786, 1095.124506938236, 1095.185352741071, 1093.3439068947246, 1092.1692715104105, 1093.2470280805305, 1095.1244923410125, 1095.1853125606603, 1093.343840787866, 1092.169179361622, 1093.2469113268146, 1095.1243510429106, 1095.1851466539824, 1093.3436487023314, 1092.168960910267, 1093.2466695874007, 1095.1240856361173, 1095.1848571016808, 1093.3433322694223, 1092.1686173430658, 1093.2463036734964, 1095.123696510422, 1095.1844439355236, 1093.3428911522244, 1092.1681478813518, 1093.2458124546492, 1095.123182026192, 1095.183905048945, 1093.342322689498, 1092.1675491423207, 1093.245191973796, 1095.1225373495847, 1095.183234788653, 1093.3416202375422, 1092.166813215608, 1093.2444334084535, 1095.121752259622, 1095.1824217900214, 1093.3407711764155, 1092.1659260033462, 1093.2435224030169, 1095.1208117862016, 1095.1814521252331, 1093.3397640910991, 1092.1648805064613, 1093.2424629028935, 1095.1197354301662, 1095.1803748765135, 1093.3386981943386, 1092.1638581429356, 1093.241584492979, 1095.1190997431854, 1095.180235390524, 1093.339536810406, 1092.1667148935423, 1093.249146854747, 1095.1391473168505], "f2": [2634.198737476529, 2634.311588034667, 2634.37143262932, 2634.3266060580413, 2634.2342492952785, 2634.226829255937, 2634.315249529603, 2634.368162536965, 2634.3210853991386, 2634.227728316514, 2634.2203871947872, 2634.309505620434, 2634.3629929551284, 2634.316187603453, 2634.2229279862177, 2634.2159762907468, 2634.305690846156, 2634.3596044874334, 2634.312980497313, 2634.219780090858, 2634.2130704451365, 2634.303164776916, 2634.3573513983497, 2634.310838851419, 2634.2176733336423, 2634.211123308838, 2634.301472973979, 2634.355846592436, 2634.3094147930788, 2634.2162827067896, 2634.209850580326, 2634.30038145852, 2634.3548920454878, 2634.3085303764524, 2634.2154420604675, 2634.209106713191, 2634.2997702705966, 2634.3543862087236, 2634.3080942786187, 2634.215066233824, 2634.208817232314, 2634.2995782038693, 2634.354277511567, 2634.3080603580493, 2634.215112519751, 2634.2089450957355, 2634.2997751131547, 2634.3545408687482, 2634.3084064476216, 2634.215560754201, 2634.2094731263605, 2634.3003473195613, 2634.355165233579, 2634.30912307045, 2634.216402739557, 2634.2103947323826, 2634.3012899960772, 2634.3561472520223, 2634.310207864089, 2634.217637290665, 2634.211709871674, 2634.302604209047, 2634.357489214741, 2634.311664257821, 2634.219269701352, 2634.2134253513177, 2634.304297992598, 2634.3592009048048, 2634.313504113, 2634.2213154640895, 2634.2155593432835, 2634.30639132731, 2634.3613051372768, 2634.3157538306773, 2634.2238073070016, 2634.218148371845, 2634.308922193244, 2634.363842639083, 2634.3184565003935, 2634.226793406559, 2634.2212375999184, 2634.3119255483803, 2634.366834543141, 2634.32160190808, 2634.23021392139, 2634.22467345008, 2634.315109101413, 2634.36976652963, 2634.324219108265, 2634.2322491519553, 2634.2251427745036, 2634.3126444762183, 2634.3616497687967, 2634.3018843539066, 2634.1688223130864], "f3": [3400.014948256311, 3400.404201002899, 3400.629901857925, 3400.438005544727, 3400.0843757958964, 3400.066941792545, 3400.410991538524, 3400.6238796078046, 3400.4278198920447, 3400.0723294064896, 3400.0550389900777, 3400.4003866248077, 3400.6143360319975, 3400.4187755013218, 3400.0634571029136, 3400.046886172671, 3400.393341528041, 3400.6080792220505, 3400.412852111674, 3400.0576380487423, 3400.0415144899353, 3400.388675869417, 3400.6039184775514, 3400.4088962300666, 3400.0537432795463, 3400.037914794875, 3400.385550903511, 3400.601139418199, 3400.4062656836945, 3400.051172299644, 3400.03556178372, 3400.383534664884, 3400.5993765120647, 3400.404631923852, 3400.0496180767504, 3400.0341864948387, 3400.3824056610542, 3400.59844229214, 3400.4038263217003, 3400.0489232264617, 3400.033651290242, 3400.38205087221, 3400.598241546577, 3400.4037636681387, 3400.0490088133274, 3400.03388770334, 3400.382414624138, 3400.5987279518827, 3400.4044030154737, 3400.04983755395, 3400.0348639686554, 3400.3834716376823, 3400.599881091386, 3400.4057268375022, 3400.0513942661864, 3400.0365678680023, 3400.3852129639863, 3400.601694736481, 3400.4077307299553, 3400.0536767095527, 3400.0389992691785, 3400.3876405169544, 3400.604173058394, 3400.4104209603815, 3400.0566945916507, 3400.042170669563, 3400.3907690498, 3400.607334035143, 3400.4138193366484, 3400.0604764331515, 3400.0461155319053, 3400.3946353331644, 3400.6112196565814, 3400.4179744598723, 3400.065082538278, 3400.050901151756, 3400.399309280877, 3400.6159048729887, 3400.422965610231, 3400.070601584555, 3400.0566105671924, 3400.404854955162, 3400.6214281240455, 3400.4287731849486, 3400.0769219854724, 3400.062958666865, 3400.4107310275017, 3400.626837784938, 3400.4336012473063, 3400.0806762072143, 3400.063815582487, 3400.4061648028073, 3400.6118284000654, 3400.392309045236, 3399.9633097700726]}