{"times": [0.04499999999999998, 0.05499999999999998, 0.06499999999999997, 0.07499999999999998, 0.08499999999999998, 0.09499999999999997, 0.10499999999999998, 0.11499999999999999, 0.12499999999999997, 0.13499999999999998, 0.145, 0.15499999999999997, 0.16499999999999998, 0.175, 0.185, 0.19499999999999998, 0.205, 0.215, 0.22499999999999998, 0.235, 0.245, 0.25499999999999995, 0.26499999999999996, 0.27499999999999997, 0.285, 0.295, 0.305, 0.315, 0.325, 0.33499999999999996, 0.345, 0.355, 0.365, 0.375, 0.385, 0.395, 0.40499999999999997, 0.415, 0.425, 0.435, 0.445, 0.455, 0.46499999999999997, 0.475, 0.485, 0.495, 0.505, 0.515, 0.5249999999999999, 0.5349999999999999, 0.5449999999999999, 0.5549999999999999, 0.565, 0.575, 0.585, 0.595, 0.605, 0.615, 0.6249999999999999, 0.6349999999999999, 0.6449999999999999, 0.6549999999999999, 0.6649999999999999, 0.6749999999999999, 0.6849999999999999, 0.695, 0.705, 0.715, 0.725, 0.735, 0.745, 0.7549999999999999, 0.7649999999999999, 0.7749999999999999, 0.7849999999999999, 0.7949999999999999, 0.8049999999999999, 0.815, 0.825, 0.835, 0.845, 0.855, 0.865, 0.875, 0.8849999999999999, 0.8949999999999999, 0.9049999999999999, 0.9149999999999999, 0.9249999999999999, 0.9349999999999999, 0.945, 0.955], "values": [78.16359436706853, 78.16359106460615, 78.16362486620653, 78.16358952225033, 78.16362650976677, 78.16359436706853, 78.16359106460615, 78.16362486620653, 78.16358952225033, 78.16362650976677, 78.16359436706853, 78.16359106460615, 78.16362486620653, 78.16358952225033, 78.16362650976677, 78.16359436706853, 78.16359106460615, 78.16362486620653, 78.16358952225033, 78.16362650976677, 78.16359436706853, 78.16359106460615, 78.16362486620653, 78.16358952225033, 78.16362650976677, 78.16359436706853, 78.16359106460615, 78.16362486620653, 78.16358952225033, 78.16362650976677, 78.16359436706853, 78.16359106460615, 78.16362486620653, 78.16358952225033, 78.16362650976677, 78.16359436706853, 78.16359106460615, 78.16362486620653, 78.16358952225033, 78.16362650976677, 78.16359436706853, 78.16359106460615, 78.16362486620653, 78.16358952225033, 78.16362650976677, 78.16359436706853, 78.16359106460615, 78.16362486620653, 78.16358952225033, 78.16362650976677, 78.16359436706853, 78.16359106460615, 78.16362486620653, 78.16358952225033, 78.16362650976677, 78.16359436706853, 78.16359106460615, 78.16362486620653, 78.16358952225033, 78.16362650976677, 78.16359436706853, 78.16359106460615, 78.16362486620653, 78.16358952225033, 78.16362650976677, 78.16359436706853, 78.16359106460615, 78.16362486620653, 78.16358952225033, 78.16362650976677, 78.16359436706853, 78.16359106460615, 78.16362486620653, 78.16358952225033, 78.16362650976677, 78.16359436706853, 78.16359106460615, 78.16362486620653, 78.16358952225033, 78.16362650976677, 78.16359436706853, 78.16359106460615, 78.16362486620653, 78.16358952225033, 78.16362650976677, 78.16359436706853, 78.16359106460615, 78.16362486620653, 78.16358952225033, 78.16362650976677, 78.16359436706853, 78.16359106460615]}